WB,n
SE0101010301-C,2
SE552170-130626,40
SE552500-124461,37
SE552670-142281,2
SE553730-128890,2
SE554040-125750,37
SE554500-125001,22
SE554800-142001,35
SE554810-125240,37
SE555545-124332,37
SE560200-143175,2
SE560205-143545,38
SE560385-154500,6
SE560500-154435,4
SE560500-154880,36
SE560700-155801,39
SE560740-144375,5
SE560775-153055,38
SE560780-153500,39
SE560790-145850,5
SE560795-154730,36
SE560810-153980,38
SE560825-144215,39
SE560850-150580,2
SE560900-145280,39
SE560940-151740,39
SE561000-150390,4
SE561000-153320,3
SE561005-150250,36
SE561030-122821,39
SE561150-147620,5
SE561400-161201,40
SE561480-148220,3
SE562000-123800,42
SE562000-162271,2
SE562290-124131,3
SE562410-164001,2
SE562450-122751,12
SE563000-123351,11
SE563330-124600,43
SE563825-161810,36
SE564250-162500,36
SE564500-122601,5
SE565400-163600,36
SE565800-163000,36
SE570000-120701,43
SE570000-170351,2
SE570080-163430,36
SE570340-163710,36
SE570450-180651,2
SE570500-163750,38
SE570900-121060,1
SE570900-164501,6
SE571000-184001,13
SE571240-121000,4
SE571450-163320,4
SE571552-162848,36
SE571720-120640,3
SE571800-184300,10
SE572000-163835,2
SE572000-180001,3
SE572072-115880,6
SE572135-120141,41
SE572205-163500,36
SE572227-115662,4
SE572308-115550,5
SE572350-180930,19
SE572472-120302,40
SE572500-164500,38
SE572540-114801,41
SE572810-164500,2
SE573044-115355,5
SE573300-113801,5
SE573322-115478,2
SE573500-115150,19
SE573500-163500,36
SE573500-164660,4
SE573940-163560,36
SE574000-114230,41
SE574050-114780,41
SE574160-113351,3
SE574170-190001,23
SE574440-164160,4
SE574450-165451,3
SE574500-164500,2
SE574650-114360,1
SE574750-164500,2
SE574870-113795,3
SE574931-113131,4
SE575000-163620,3
SE575095-164630,2
SE575150-162700,36
SE575150-190400,20
SE575170-183550,20
SE575335-165000,2
SE575340-113000,43
SE575370-164220,36
SE575500-113750,41
SE575700-114240,24
SE575747-113237,1
SE575760-112671,1
SE580000-164060,41
SE580000-164500,15
SE580025-113168,1
SE580150-191251,2
SE580205-165162,4
SE580240-112501,4
SE580325-113500,37
SE580500-111801,6
SE580500-114725,38
SE580550-112460,3
SE580585-164720,38
SE580610-113615,36
SE580688-114860,42
SE580735-165296,37
SE580950-170601,2
SE581000-164020,37
SE581120-112680,37
SE581240-165220,22
SE581260-113220,41
SE581280-170070,22
SE581365-112910,36
SE581520-165000,39
SE581540-114000,1
SE581700-113000,43
SE581740-114820,42
SE581740-170260,2
SE581748-112411,1
SE581820-165500,2
SE581853-112736,36
SE581900-171101,2
SE581960-164890,18
SE582000-112350,42
SE582000-115270,38
SE582050-165820,43
SE582147-111771,38
SE582150-112530,37
SE582230-112255,37
SE582302-111451,1
SE582460-164500,43
SE582500-113890,2
SE582590-165000,19
SE582600-163810,2
SE582600-165680,2
SE582630-113515,36
SE582665-111706,36
SE582700-110451,27
SE582705-163350,41
SE582820-165920,2
SE582850-111760,36
SE583000-165600,32
SE583121-171401,4
SE583160-111551,2
SE583370-165290,2
SE583625-111300,4
SE583710-111535,37
SE583718-161687,36
SE583720-172571,4
SE583730-164501,41
SE583825-163500,20
SE583875-170270,20
SE583926-161744,41
SE583970-170280,16
SE584030-111400,36
SE584085-171600,17
SE584200-105901,4
SE584227-171600,20
SE584333-172895,2
SE584340-174401,40
SE584390-172085,17
SE584400-116000,2
SE584400-172270,21
SE584420-172515,2
SE584430-170665,20
SE584450-111445,36
SE584520-172495,4
SE584600-173200,18
SE584670-111300,36
SE584725-111050,2
SE584750-111185,36
SE584820-172920,18
SE584840-175400,2
SE584870-174310,17
SE584890-110950,36
SE584905-172980,16
SE584960-175280,20
SE585040-173535,21
SE585075-173130,16
SE585100-110600,41
SE585170-175445,3
SE585200-111140,36
SE585200-174000,16
SE585345-174950,20
SE585350-182001,2
SE585400-110400,1
SE585400-173870,2
SE585600-110880,36
SE585797-181090,32
SE585990-111125,36
SE590000-183000,17
SE590148-183625,2
SE590385-180890,31
SE590400-174090,20
SE590550-174540,20
SE590635-182120,2
SE590730-183763,2
SE590740-174135,22
SE590835-183000,2
SE590990-174015,20
SE591050-182740,17
SE591090-182300,16
SE591160-182400,16
SE591200-183600,17
SE591280-182070,4
SE591300-182800,25
SE591400-182320,9
SE591400-183200,28
SE591500-185300,2
SE591655-183200,16
SE591745-182250,20
SE591760-181955,17
SE591800-181360,8
SE591815-182670,3
SE591905-185275,16
SE591920-180800,17
SE592000-184700,17
SE592000-190500,4
SE592040-184000,29
SE592090-185125,2
SE592100-192001,3
SE592135-182700,8
SE592245-184400,30
SE592290-181600,18
SE592315-182620,16
SE592400-180800,37
SE592400-184400,2
SE592420-182210,20
SE592468-182000,8
SE592500-185000,2
SE592500-191750,2
SE592600-181135,16
SE592600-181600,2
SE592605-182310,16
SE592640-184500,17
SE592790-183000,24
SE593000-190500,16
SE593000-192000,4
SE593080-184500,2
SE593180-191280,21
SE593300-183600,16
SE593330-192540,3
SE593500-190000,5
SE593500-191660,3
SE593750-183962,37
SE593750-184900,24
SE593820-185500,16
SE594100-185690,18
SE594200-192000,21
SE594340-190448,18
SE594350-190530,10
SE594384-185542,2
SE594670-185500,39
SE594800-190220,35
SE594800-190655,17
SE594845-191240,21
SE595000-185600,8
SE595000-191501,9
SE600565-184600,36
SE600740-183460,39
SE601000-183510,37
SE601000-184030,34
SE601020-185050,5
SE601070-182870,15
SE601300-182880,29
SE601300-184180,16
SE601310-183700,16
SE601440-184000,2
SE601660-183550,21
SE602120-181610,10
SE602400-183190,18
SE603000-181500,4
SE603190-174000,23
SE603650-174500,3
SE603870-181301,19
SE604055-171248,1
SE604200-171765,1
SE604200-174400,28
SE604250-173000,22
SE604675-172125,16
SE604900-171700,19
SE605140-171674,8
SE605390-171558,9
SE605660-172380,10
SE605760-171000,17
SE611000-171500,22
SE611213-171063,21
SE611600-171500,20
SE611676-171000,19
SE611766-171305,4
SE612303-171075,4
SE612520-172080,5
SE612791-171130,4
SE613240-171000,36
SE613500-171000,34
SE613500-172500,33
SE613591-171000,36
SE613760-171000,34
SE614165-171500,36
SE614633-134828,4
SE614785-132662,2
SE614913-135332,4
SE615019-138172,4
SE615199-135961,4
SE615375-137087,31
SE615640-133329,4
SE615640-138920,4
SE615816-139496,4
SE615899-136823,2
SE616179-138195,4
SE616372-133601,4
SE616711-133218,4
SE616862-134337,4
SE616936-135849,2
SE617666-135851,3
SE617710-138599,4
SE617797-135339,31
SE617883-135553,4
SE618096-133078,4
SE618108-135936,2
SE618685-133000,4
SE618722-135547,4
SE619293-136357,2
SE619310-132303,2
SE619484-133609,4
SE619626-135565,6
SE619628-138871,4
SE619690-175690,12
SE619696-132890,2
SE620062-135224,6
SE620149-136633,4
SE620341-139491,4
SE620402-135859,4
SE620406-140165,3
SE620565-131931,4
SE621157-148904,5
SE621265-173125,10
SE621484-141720,4
SE621613-132747,4
SE621643-134041,4
SE621669-141629,6
SE621688-144133,39
SE621720-175130,8
SE621766-140032,3
SE621804-139059,4
SE621920-175280,1
SE622000-172300,37
SE622011-146303,5
SE622080-176120,8
SE622126-172430,38
SE622339-172190,37
SE622349-135317,3
SE622393-134839,4
SE622476-133505,2
SE622500-172430,37
SE622613-133144,4
SE622639-133859,2
SE622731-136920,6
SE622741-132411,4
SE622795-174565,11
SE622819-135418,2
SE622842-142704,4
SE622860-173000,37
SE622893-138841,4
SE622900-174790,9
SE622971-146074,4
SE623021-146784,2
SE623033-132783,2
SE623047-144179,4
SE623082-142902,4
SE623251-138203,2
SE623300-176210,11
SE623340-175556,26
SE623379-142057,4
SE623394-147571,4
SE623412-149316,4
SE623444-133589,4
SE623552-143167,4
SE623645-135861,2
SE623716-146483,4
SE623757-146861,4
SE623797-141656,4
SE623810-180350,25
SE623819-148136,4
SE623890-178030,38
SE623921-145624,4
SE623952-143521,4
SE623979-142113,2
SE623980-175600,25
SE624118-132524,4
SE624123-136639,2
SE624173-141284,4
SE624180-141251,6
SE624216-134515,3
SE624222-131704,4
SE624254-144952,4
SE624290-150943,4
SE624295-137570,4
SE624335-180000,25
SE624364-142165,4
SE624380-176450,9
SE624397-148650,4
SE624418-144225,4
SE624511-140583,6
SE624518-146231,4
SE624587-140218,4
SE624606-135677,6
SE624615-180500,24
SE624669-133052,6
SE624770-147942,2
SE624800-181030,2
SE624815-138826,6
SE624870-175500,17
SE624899-131906,4
SE624901-149245,4
SE624928-136990,6
SE624976-138228,7
SE625000-180075,38
SE625021-146874,2
SE625087-135232,3
SE625095-151323,4
SE625157-141733,4
SE625180-181655,43
SE625342-151175,4
SE625353-133426,4
SE625416-182696,4
SE625442-141314,4
SE625500-175153,27
SE625524-131792,4
SE625541-143641,4
SE625655-151546,4
SE625659-144987,4
SE625687-138508,2
SE625694-145344,2
SE625699-135910,3
SE625702-151825,4
SE625710-183000,20
SE625752-135351,6
SE625900-174360,37
SE625909-134297,3
SE625922-131803,4
SE625946-133588,4
SE625962-142494,4
SE625975-146058,4
SE625998-143959,4
SE626000-139355,2
SE626033-143747,4
SE626082-148159,6
SE626085-144795,3
SE626148-138684,6
SE626257-147879,6
SE626304-150774,4
SE626407-132764,4
SE626442-151230,4
SE626445-134540,4
SE626600-137773,4
SE626684-151327,2
SE626706-138349,2
SE626799-154728,4
SE626842-147473,6
SE626980-144922,3
SE627058-138641,3
SE627100-148506,6
SE627226-138463,2
SE627291-150501,6
SE627342-135652,4
SE627367-151681,4
SE627461-146375,4
SE627487-133116,2
SE627544-133894,4
SE627552-135047,4
SE627586-148568,4
SE627598-155069,4
SE627611-149126,6
SE627654-141929,3
SE627780-146268,3
SE627855-134250,3
SE627882-152464,4
SE627944-137864,3
SE627954-133794,4
SE627958-134477,4
SE627971-149852,6
SE627976-139651,3
SE628013-133792,4
SE628111-149232,6
SE628132-132696,4
SE628193-142417,2
SE628219-139358,3
SE628258-133183,4
SE628323-139679,6
SE628364-146296,4
SE628376-137474,6
SE628381-133587,4
SE628480-183070,20
SE628518-133270,4
SE628606-133205,31
SE628750-183300,28
SE628768-144425,2
SE628804-132692,4
SE628830-133760,4
SE628831-133505,3
SE628837-146417,4
SE628868-146519,4
SE628880-134755,3
SE628904-135591,4
SE628913-133942,3
SE628951-132620,4
SE629022-146127,3
SE629026-147562,25
SE629031-146234,3
SE629033-140377,4
SE629057-131617,4
SE629148-143516,3
SE629163-146824,3
SE629255-148080,6
SE629290-133230,4
SE629377-133970,4
SE629382-132526,4
SE629404-132857,4
SE629447-137590,3
SE629489-133906,15
SE629511-136866,6
SE629765-131913,4
SE629773-134003,4
SE629786-142525,3
SE629874-132885,4
SE629893-153296,2
SE629906-133066,4
SE629949-132706,4
SE630000-183500,18
SE630037-135928,3
SE630037-144977,3
SE630180-182080,18
SE630181-149494,6
SE630196-147176,4
SE630203-182615,20
SE630210-187470,22
SE630294-130664,4
SE630383-183500,38
SE630386-140234,4
SE630406-143665,6
SE630480-143556,6
SE630507-147694,3
SE630560-143061,2
SE630575-132351,4
SE630622-131234,4
SE630633-132107,4
SE630685-184305,18
SE630725-141985,2
SE630734-133633,4
SE630746-150410,6
SE630747-147145,3
SE630760-183315,18
SE630764-143570,3
SE630765-137621,3
SE630826-136004,4
SE630956-136285,3
SE630963-131358,4
SE630966-136311,4
SE631040-131581,4
SE631042-134482,3
SE631051-144611,5
SE631145-145469,4
SE631187-134772,3
SE631222-150636,6
SE631304-129984,2
SE631309-134951,22
SE631317-150207,6
SE631346-184241,41
SE631360-146750,31
SE631425-153521,4
SE631450-185200,27
SE631460-185000,27
SE631500-190270,2
SE631505-143363,3
SE631509-135258,3
SE631514-148450,4
SE631542-139354,3
SE631610-184500,27
SE631638-135527,9
SE631646-185280,41
SE631706-151419,6
SE631710-188130,13
SE631721-132151,2
SE631727-151691,4
SE631769-136737,3
SE631779-133350,4
SE631840-191130,12
SE631841-138929,3
SE631843-147777,4
SE631886-131576,3
SE631910-152809,4
SE631950-144319,2
SE632030-187600,10
SE632043-134980,6
SE632050-134246,4
SE632090-189470,17
SE632090-190370,17
SE632093-131112,4
SE632137-131584,4
SE632225-147396,4
SE632229-134778,2
SE632279-148683,4
SE632287-146866,2
SE632318-143569,2
SE632371-147279,3
SE632375-135738,3
SE632431-130805,4
SE632455-150468,6
SE632465-132994,3
SE632515-146675,31
SE632521-149690,6
SE632538-131924,4
SE632538-144149,3
SE632563-147500,4
SE632658-134675,3
SE632670-190860,10
SE632726-151814,4
SE632741-148388,3
SE632760-191300,18
SE632797-136512,3
SE632813-145488,4
SE632814-140041,3
SE632840-140370,4
SE632844-129460,2
SE632937-151463,3
SE632966-143377,3
SE632979-135766,3
SE632981-145227,3
SE633000-195000,42
SE633025-142267,31
SE633034-151273,6
SE633038-141057,3
SE633043-193300,36
SE633080-132874,3
SE633097-133935,2
SE633118-140608,3
SE633118-149056,6
SE633140-148439,4
SE633153-130826,4
SE633155-131301,4
SE633163-130461,3
SE633177-145970,3
SE633186-136948,3
SE633323-147410,3
SE633331-141180,3
SE633344-130068,31
SE633400-195000,23
SE633409-147522,2
SE633422-152862,4
SE633438-130484,3
SE633443-153993,4
SE633494-145972,3
SE633503-130204,3
SE633545-131063,4
SE633550-200700,32
SE633650-138207,6
SE633687-151413,4
SE633694-130681,4
SE633734-138368,3
SE633778-134152,3
SE633816-137033,3
SE633911-134035,3
SE633922-141070,2
SE633932-131181,4
SE633956-134984,2
SE633959-144217,6
SE633966-131385,4
SE633976-142928,3
SE633982-145948,4
SE634039-130685,6
SE634040-193330,4
SE634052-132438,4
SE634053-128887,4
SE634076-142599,6
SE634110-201920,2
SE634172-141113,3
SE634177-137086,3
SE634207-132161,14
SE634210-202020,2
SE634225-138425,3
SE634230-201605,29
SE634252-150052,4
SE634260-143778,4
SE634284-131981,4
SE634331-156907,3
SE634336-129910,4
SE634342-138677,3
SE634350-202000,1
SE634378-130353,3
SE634450-134892,2
SE634467-129859,3
SE634482-145983,3
SE634570-147131,6
SE634580-139854,3
SE634588-131353,4
SE634589-149945,4
SE634665-143220,6
SE634666-147194,6
SE634690-142635,3
SE634730-142429,6
SE634740-203020,12
SE634751-130909,3
SE634778-164458,4
SE634787-147909,2
SE634796-149257,3
SE634797-147347,6
SE634929-132215,4
SE634950-202940,25
SE635010-134905,3
SE635013-132880,2
SE635030-135088,3
SE635040-133900,3
SE635040-204196,24
SE635076-142186,3
SE635088-131909,4
SE635100-149093,4
SE635184-129658,4
SE635256-130337,3
SE635277-136133,2
SE635300-205251,4
SE635312-343388,4
SE635334-135239,22
SE635387-131653,3
SE635388-148457,6
SE635445-137969,3
SE635447-130296,4
SE635506-133174,2
SE635615-131028,4
SE635642-147073,2
SE635660-199490,30
SE635694-154255,4
SE635724-142864,3
SE635751-129942,4
SE635786-154006,4
SE635793-130642,3
SE635802-129462,4
SE635811-136243,4
SE635840-130499,4
SE635883-138564,3
SE635936-132488,6
SE635995-153402,4
SE636004-135778,3
SE636092-132089,3
SE636150-199220,37
SE636195-135723,3
SE636197-130272,2
SE636203-131652,4
SE636212-128703,4
SE636340-140067,3
SE636365-136675,3
SE636394-145583,6
SE636438-138132,3
SE636471-129876,4
SE636477-145682,4
SE636489-144228,2
SE636512-129668,3
SE636565-149745,4
SE636570-203590,31
SE636572-137736,2
SE636580-138977,2
SE636608-137323,2
SE636623-136573,4
SE636628-148821,4
SE636675-130252,2
SE636685-131203,2
SE636728-145193,3
SE636733-138428,2
SE636742-148800,3
SE636750-146670,3
SE636785-146102,2
SE636806-147459,4
SE636850-149669,6
SE636859-132233,2
SE636866-150376,3
SE636887-143795,3
SE636910-204040,33
SE636914-145499,4
SE636929-144960,4
SE636957-144811,3
SE637054-146225,2
SE637070-204260,26
SE637078-135977,3
SE637079-147724,4
SE637112-166926,4
SE637129-131903,4
SE637148-148876,4
SE637170-142038,4
SE637179-127108,2
SE637187-135350,4
SE637223-151155,6
SE637230-137944,2
SE637232-130223,2
SE637234-137340,6
SE637260-128728,5
SE637262-130508,4
SE637275-129659,4
SE637288-143144,2
SE637303-151191,4
SE637310-204860,5
SE637318-137283,4
SE637325-137538,4
SE637352-148266,2
SE637379-137645,3
SE637382-148784,3
SE637386-138773,2
SE637392-154031,4
SE637440-143465,4
SE637469-147319,4
SE637640-204160,21
SE637687-140237,2
SE637723-129889,4
SE637755-153972,2
SE637765-137092,2
SE637782-143713,4
SE637786-149558,4
SE637809-130947,4
SE637826-164572,2
SE637865-137291,2
SE637884-127885,4
SE637960-132204,4
SE637987-148790,2
SE637990-140480,3
SE638011-145865,3
SE638014-136892,6
SE638029-142710,3
SE638030-148585,3
SE638079-139483,4
SE638085-138862,22
SE638146-146910,6
SE638159-141595,2
SE638168-140554,3
SE638173-130569,4
SE638220-137724,4
SE638250-129087,4
SE638280-144298,3
SE638317-138010,30
SE638333-128636,4
SE638343-154195,3
SE638348-137512,2
SE638354-154208,2
SE638358-139999,4
SE638382-144572,4
SE638397-166568,4
SE638409-138549,3
SE638436-130033,4
SE638458-145177,3
SE638505-139801,4
SE638561-141289,4
SE638632-128368,4
SE638704-129951,4
SE638705-130519,4
SE638725-146677,25
SE638734-128594,4
SE638760-137501,2
SE638769-148655,4
SE638819-142813,3
SE638864-137003,4
SE638875-129660,4
SE638920-127751,4
SE638921-130108,4
SE638931-137765,4
SE638942-140187,3
SE638986-167478,4
SE638988-130951,4
SE639017-144472,3
SE639029-128062,4
SE639029-147620,2
SE639042-138349,4
SE639079-145114,2
SE639129-137628,4
SE639170-142371,3
SE639176-152040,3
SE639185-130062,4
SE639215-129895,4
SE639230-128547,4
SE639243-139625,3
SE639254-133214,4
SE639254-152136,4
SE639262-166469,4
SE639267-146580,2
SE639271-143690,2
SE639277-134166,2
SE639310-146180,4
SE639328-128376,4
SE639362-134159,3
SE639368-146355,2
SE639400-128962,4
SE639403-128153,4
SE639412-145078,3
SE639431-129279,4
SE639475-146769,2
SE639479-138198,2
SE639524-127498,4
SE639559-148926,4
SE639565-128173,3
SE639571-138458,4
SE639619-148265,3
SE639635-137710,3
SE639661-133346,4
SE639673-132270,2
SE639676-147775,4
SE639683-134896,3
SE639722-152504,3
SE639750-165508,4
SE639765-148395,4
SE639819-139887,4
SE639863-127455,4
SE639865-137926,4
SE639898-128091,3
SE639905-143013,6
SE639929-127630,8
SE639937-131012,4
SE639969-141762,4
SE639982-136129,4
SE639988-130661,4
SE640038-138247,3
SE640071-127357,4
SE640103-144811,3
SE640182-154482,4
SE640186-138999,4
SE640195-154814,3
SE640214-141017,4
SE640218-129750,4
SE640224-138043,4
SE640243-143249,3
SE640259-129254,4
SE640289-166371,4
SE640297-137081,4
SE640309-139514,2
SE640333-141495,3
SE640364-129240,30
SE640395-144005,3
SE640412-132612,4
SE640458-130232,3
SE640522-127294,2
SE640576-128211,4
SE640589-132179,4
SE640601-130880,4
SE640612-137881,4
SE640613-142734,3
SE640619-129618,3
SE640627-140342,3
SE640656-128582,4
SE640721-139670,3
SE640726-127722,2
SE640729-136005,4
SE640746-140268,6
SE640767-168369,2
SE640778-130948,2
SE640818-128313,4
SE640846-145344,4
SE640893-128938,4
SE640923-145019,3
SE640989-128262,4
SE641021-151421,3
SE641045-126412,2
SE641089-142422,3
SE641131-131802,4
SE641170-147082,4
SE641190-129229,4
SE641199-130515,4
SE641209-145788,4
SE641225-145772,3
SE641237-129877,4
SE641249-139894,4
SE641250-210560,16
SE641250-211751,2
SE641285-137147,4
SE641312-129736,4
SE641347-133703,2
SE641372-131599,4
SE641404-141800,3
SE641442-127853,4
SE641451-128303,4
SE641500-132805,4
SE641520-142252,6
SE641522-128081,4
SE641603-144848,30
SE641619-713634,4
SE641687-128380,4
SE641691-140988,3
SE641711-130766,2
SE641720-211520,1
SE641746-136639,4
SE641768-127580,2
SE641791-147497,4
SE641840-211540,2
SE641905-137438,4
SE641911-139532,4
SE642122-148744,25
SE642136-144141,3
SE642138-130063,6
SE642216-131250,4
SE642239-153297,2
SE642253-138558,3
SE642387-143714,3
SE642458-129313,4
SE642489-151724,31
SE642520-139531,4
SE642531-128098,4
SE642555-168553,25
SE642557-142623,3
SE642563-148247,4
SE642578-153740,4
SE642620-141879,4
SE642633-142169,3
SE642676-137266,3
SE642792-148865,4
SE642832-129517,4
SE642868-131662,2
SE642883-145314,2
SE642902-139413,4
SE642919-128669,4
SE642933-138293,3
SE643026-126722,4
SE643125-144824,3
SE643228-126764,2
SE643259-139674,4
SE643269-153913,3
SE643284-127968,4
SE643302-137043,2
SE643391-145128,2
SE643408-154899,4
SE643422-149878,3
SE643467-147408,4
SE643474-126789,4
SE643499-130158,3
SE643510-139718,4
SE643529-149150,4
SE643694-129531,4
SE643700-211940,30
SE643756-140257,4
SE643879-154583,2
SE643891-130193,4
SE643920-211500,3
SE643934-128958,2
SE643956-127489,4
SE644030-218500,20
SE644040-211260,12
SE644070-211650,1
SE644096-154024,3
SE644137-127197,4
SE644150-211000,18
SE644247-153430,3
SE644331-127205,4
SE644338-152744,3
SE644510-140324,4
SE644572-148848,4
SE644620-127400,4
SE644633-140485,2
SE644635-149350,3
SE644658-126701,4
SE644674-128162,4
SE644730-210650,28
SE644772-152241,4
SE644869-145497,4
SE644932-127552,4
SE644987-152393,25
SE645000-212100,24
SE645000-213500,37
SE645036-145711,4
SE645127-140409,4
SE645144-146336,4
SE645212-154369,2
SE645405-128007,4
SE645444-143132,2
SE645500-212000,10
SE645596-145753,4
SE645657-138673,2
SE645711-127116,4
SE645717-128093,4
SE645908-145617,4
SE646150-152257,4
SE646166-127275,4
SE646360-213700,4
SE646429-154770,4
SE646523-126170,2
SE646611-140950,4
SE646643-127030,4
SE646662-154457,4
SE647287-135598,2
SE647661-148044,4
SE647733-140992,2
SE647775-126829,4
SE647986-134325,2
SE648022-126133,4
SE648344-126255,4
SE648385-152899,4
SE648405-137783,4
SE648665-128770,3
SE648752-124840,4
SE648779-150974,6
SE648879-125970,4
SE649121-125995,4
SE649177-137968,3
SE649255-127344,3
SE649258-125911,4
SE649686-151617,6
SE649880-146829,1
SE650280-213110,4
SE650282-142767,4
SE650312-142653,4
SE650362-152166,4
SE650398-139136,28
SE650455-152241,4
SE650460-213400,4
SE650465-154662,4
SE650496-155520,4
SE650536-154919,4
SE650581-152471,3
SE650617-138546,2
SE650704-152661,4
SE650750-213500,4
SE650759-153143,4
SE650785-126209,2
SE650826-126741,2
SE650945-152015,4
SE651029-124710,4
SE651083-154599,3
SE651098-154263,2
SE651102-153566,3
SE651158-146999,2
SE651211-129611,4
SE651218-586472,4
SE651231-142631,2
SE651423-158019,3
SE651475-214300,18
SE651500-213108,30
SE651554-126622,2
SE651558-151026,1
SE651577-153919,2
SE651800-214740,16
SE651818-212790,28
SE651895-125797,4
SE651940-213930,18
SE651945-159069,3
SE651983-129240,4
SE652000-213210,14
SE652009-149425,5
SE652020-211930,26
SE652098-142854,4
SE652150-213000,12
SE652177-159038,28
SE652182-125716,4
SE652236-124132,4
SE652250-213430,14
SE652385-214180,16
SE652399-129080,4
SE652400-220070,1
SE652400-223501,13
SE652439-153389,1
SE652465-214080,16
SE652475-215750,2
SE652556-126311,3
SE652567-315044,4
SE652616-128614,4
SE652707-159032,31
SE652739-128006,4
SE652750-145367,8
SE652761-125524,4
SE652840-151589,12
SE652852-125333,4
SE652874-124189,4
SE652920-222650,31
SE652923-127391,4
SE653015-152780,8
SE653158-125256,4
SE653176-222000,20
SE653242-125047,3
SE653263-125680,4
SE653342-142228,4
SE653461-126344,3
SE653533-124568,4
SE653651-159858,4
SE653658-125407,4
SE653667-124289,4
SE653847-151668,11
SE653870-235570,1
SE653900-223280,30
SE653988-123972,4
SE654000-222430,3
SE654022-124861,4
SE654100-234100,1
SE654145-161816,9
SE654200-222920,3
SE654278-129338,2
SE654291-224000,3
SE654319-140181,2
SE654353-162104,1
SE654360-235780,12
SE654396-162335,4
SE654470-146778,2
SE654470-222700,42
SE654490-220870,2
SE654491-160230,2
SE654500-232000,22
SE654512-161517,4
SE654513-124436,4
SE654560-246250,1
SE654575-234250,15
SE654615-157469,10
SE654640-233190,4
SE654692-124138,2
SE654705-160001,2
SE654820-222660,38
SE654860-219880,33
SE654962-124827,4
SE654990-224540,12
SE655068-153204,8
SE655094-127798,2
SE655120-220380,25
SE655157-127195,2
SE655180-218660,28
SE655181-123825,4
SE655209-126937,26
SE655241-123459,4
SE655260-224280,13
SE655319-159981,4
SE655407-131876,4
SE655623-130071,2
SE655625-163078,4
SE655799-139743,3
SE655850-163256,4
SE655863-129783,31
SE655894-160406,2
SE655932-132012,4
SE655964-143577,2
SE656043-130369,4
SE656155-161871,4
SE656206-159170,24
SE656294-141661,4
SE656300-222750,34
SE656377-127113,3
SE656569-127082,3
SE656599-128366,2
SE656620-222480,33
SE656651-157649,3
SE656712-128294,4
SE656755-141273,3
SE656793-163709,3
SE656804-128027,15
SE656826-132747,3
SE656833-162888,3
SE656840-222800,16
SE656853-152800,3
SE656944-164051,4
SE657003-144472,4
SE657041-163174,3
SE657067-163219,4
SE657087-142355,4
SE657145-142160,2
SE657159-130674,4
SE657188-128002,4
SE657245-160890,3
SE657405-129657,2
SE657412-164249,16
SE657556-129516,3
SE657573-157633,3
SE657608-164193,20
SE657689-130989,2
SE657852-130285,4
SE658086-130264,31
SE658087-132088,2
SE658092-130066,4
SE658116-129284,4
SE658138-130075,3
SE658155-143234,4
SE658268-146477,11
SE658352-163189,27
SE658366-149508,1
SE658407-131603,2
SE658427-140486,2
SE658447-143170,2
SE658507-162696,20
SE658523-130210,2
SE658565-130598,4
SE658566-131495,3
SE658644-150055,2
SE658758-128386,3
SE658778-138698,3
SE658785-132156,2
SE658818-162065,4
SE658861-130080,4
SE658998-128922,4
SE659014-144910,4
SE659024-140991,3
SE659024-162417,39
SE659105-133982,28
SE659236-137481,3
SE659265-144535,4
SE659296-130107,4
SE659362-130736,3
SE659402-139777,2
SE659445-132611,2
SE659495-146263,2
SE659500-128992,4
SE659500-131245,4
SE659503-132228,3
SE659553-140513,3
SE659564-142727,4
SE659684-130921,4
SE659685-136304,3
SE659689-150115,2
SE659690-145449,4
SE659706-163325,3
SE659721-145551,2
SE659728-161988,3
SE659764-131492,3
SE659771-162546,6
SE659816-141654,4
SE659856-127318,2
SE659976-150592,2
SE660007-131470,3
SE660018-163987,3
SE660231-143376,3
SE660248-146171,2
SE660283-140320,3
SE660312-152532,4
SE660314-130230,4
SE660330-149815,3
SE660342-149267,12
SE660435-150793,2
SE660453-128893,3
SE660456-140988,3
SE660520-145622,1
SE660523-160785,6
SE660550-127232,3
SE660557-148736,1
SE660627-134606,3
SE660637-161566,3
SE660666-138102,3
SE660672-131126,2
SE660688-164478,31
SE660744-128485,4
SE660745-147827,2
SE660749-161885,29
SE660765-165626,4
SE660800-142833,4
SE660804-142742,25
SE660835-129526,2
SE660860-151127,2
SE660880-142954,4
SE660884-165506,2
SE660886-141808,2
SE660973-150540,3
SE661075-159692,6
SE661076-148803,3
SE661084-165433,3
SE661142-142174,3
SE661157-138778,2
SE661160-144723,4
SE661167-130078,2
SE661184-140253,4
SE661197-130374,2
SE661214-127290,4
SE661273-138445,2
SE661289-152248,2
SE661312-150066,2
SE661378-130063,3
SE661407-138951,3
SE661483-143936,2
SE661493-137312,3
SE661554-150015,3
SE661561-165123,4
SE661581-131055,3
SE661623-130882,4
SE661626-153765,4
SE661646-150730,2
SE661648-130509,3
SE661721-131170,2
SE661779-127273,4
SE661797-145589,2
SE661880-152199,6
SE661886-144996,4
SE661897-130699,2
SE661952-150127,7
SE661952-164005,14
SE661966-164781,2
SE661971-141613,3
SE661985-133333,2
SE661998-150929,6
SE662041-149485,4
SE662114-166021,10
SE662134-139784,3
SE662141-154681,2
SE662161-133621,4
SE662170-144233,2
SE662215-140684,3
SE662238-138548,4
SE662316-145877,4
SE662322-139339,3
SE662355-136669,3
SE662453-133483,2
SE662458-131298,3
SE662536-131389,3
SE662552-158303,3
SE662570-134858,3
SE662581-130115,2
SE662609-134150,2
SE662621-129065,3
SE662665-148445,4
SE662674-164394,3
SE662770-133613,4
SE662814-152179,2
SE662857-149111,4
SE662884-164368,6
SE662927-132600,2
SE662942-138858,2
SE662959-167628,2
SE662994-166164,6
SE663004-135888,2
SE663053-133069,4
SE663072-164112,2
SE663090-153202,3
SE663117-133585,1
SE663196-141796,2
SE663216-148449,18
SE663245-136599,4
SE663246-145669,4
SE663285-131247,2
SE663324-131090,2
SE663368-144040,4
SE663401-141209,3
SE663403-146392,4
SE663426-131715,3
SE663431-130341,3
SE663446-164031,3
SE663461-149292,4
SE663497-144578,2
SE663506-136367,3
SE663532-148571,31
SE663630-147537,2
SE663644-150490,3
SE663666-140462,2
SE663678-133342,4
SE663678-148094,4
SE663734-161589,5
SE663756-131805,3
SE663758-153002,3
SE663764-159182,2
SE663809-129713,2
SE663876-140022,2
SE663888-155472,5
SE663919-166636,14
SE663958-161511,3
SE663992-160212,4
SE664060-165948,3
SE664076-133671,4
SE664099-141107,2
SE664197-149337,31
SE664210-153217,8
SE664222-166844,2
SE664237-148692,4
SE664297-136937,4
SE664321-166998,2
SE664323-148419,4
SE664335-131460,3
SE664343-131964,4
SE664373-130240,5
SE664445-164905,2
SE664470-160092,4
SE664515-147749,4
SE664520-140591,2
SE664552-135452,3
SE664564-154264,3
SE664613-138062,3
SE664614-136702,3
SE664635-148434,2
SE664648-147556,3
SE664669-133615,4
SE664696-132395,2
SE664842-162824,3
SE664879-153995,3
SE664910-153960,8
SE664992-137103,2
SE665037-149215,2
SE665050-151163,3
SE665055-132526,4
SE665087-135953,3
SE665090-160546,4
SE665138-164175,1
SE665217-143902,2
SE665233-158531,2
SE665260-147384,4
SE665302-138478,3
SE665309-165696,6
SE665350-154066,4
SE665397-131724,2
SE665429-135814,4
SE665478-133265,3
SE665508-153620,1
SE665551-134392,2
SE665648-136353,2
SE665667-136013,3
SE665698-141929,3
SE665753-133868,2
SE665768-164748,10
SE665777-133332,2
SE665800-165636,4
SE665901-144023,4
SE665989-135834,4
SE666006-131824,2
SE666009-139182,3
SE666018-140666,3
SE666036-164166,1
SE666037-135222,4
SE666114-138009,3
SE666134-131800,3
SE666158-159878,3
SE666361-137043,3
SE666364-135989,4
SE666394-164380,2
SE666556-150149,1
SE666585-139869,3
SE666639-150586,1
SE666794-135056,4
SE666806-140531,2
SE666830-151744,4
SE666926-137587,4
SE666945-150348,1
SE666992-137730,3
SE667036-134113,2
SE667218-160102,5
SE667288-150936,1
SE667298-143413,4
SE667402-158923,3
SE667444-133296,2
SE667488-143152,4
SE667531-134499,4
SE667566-163131,1
SE667572-152807,3
SE667578-135349,2
SE667603-136877,2
SE667624-141256,4
SE667639-135045,3
SE667777-135548,2
SE667802-143298,3
SE667825-152684,3
SE668028-139334,3
SE668085-134517,2
SE668094-141411,3
SE668313-137912,2
SE668357-132557,2
SE668370-136274,4
SE668386-134259,2
SE668505-142829,4
SE668541-139101,4
SE668549-155987,2
SE668552-155740,3
SE668561-152192,3
SE668622-139207,3
SE668873-138352,3
SE668876-152219,6
SE668881-152393,3
SE668924-137124,4
SE669082-136851,4
SE669082-148761,3
SE669122-132633,4
SE669216-137813,2
SE669223-150684,3
SE669253-139468,3
SE669265-148779,3
SE669274-160365,3
SE669366-133799,2
SE669457-132776,2
SE669457-149129,3
SE669490-132390,3
SE669518-134887,4
SE669560-133220,2
SE669563-148948,3
SE669607-140551,3
SE669616-139976,4
SE669638-163002,4
SE669642-132541,2
SE669650-137090,2
SE669807-134109,2
SE669877-133959,2
SE669918-137419,2
SE669966-153562,4
SE670007-136963,4
SE670009-138616,4
SE670026-147022,4
SE670047-149516,3
SE670076-146226,3
SE670140-160781,4
SE670187-145602,3
SE670202-149006,3
SE670275-146052,30
SE670285-148586,3
SE670310-146166,4
SE670324-135224,4
SE670324-149085,3
SE670389-159935,4
SE670414-146661,2
SE670446-145438,4
SE670589-146598,4
SE670691-134753,4
SE670702-136148,4
SE670733-145167,2
SE670943-139152,4
SE671000-159509,4
SE671022-138484,4
SE671099-133552,2
SE671160-147090,4
SE671215-160017,4
SE671267-138867,4
SE671285-134144,2
SE671301-138338,3
SE671321-153655,4
SE671450-136285,3
SE671514-134541,4
SE671553-135457,4
SE671633-144554,4
SE671660-158075,3
SE671714-158237,3
SE671754-144346,4
SE671774-137701,4
SE671809-142877,4
SE671831-158073,3
SE671999-133016,2
SE672054-134576,2
SE672062-153774,2
SE672096-145257,4
SE672190-152971,2
SE672219-158059,2
SE672299-135687,2
SE672378-153002,2
SE672395-158395,3
SE672434-145454,4
SE672467-148031,25
SE672472-151482,2
SE672487-145539,2
SE672625-134972,4
SE672639-136883,3
SE672680-158573,3
SE672684-158580,2
SE672727-148594,3
SE672733-146557,4
SE672745-157418,2
SE672804-144667,4
SE672928-157021,4
SE672991-152161,3
SE673043-144161,3
SE673085-137452,4
SE673137-153252,4
SE673153-133039,4
SE673205-145468,2
SE673303-133869,4
SE673309-147622,3
SE673354-137504,4
SE673371-156364,3
SE673387-135761,4
SE673419-156474,3
SE673424-147881,3
SE673430-143599,3
SE673437-154439,2
SE673510-141157,4
SE673516-157221,4
SE673523-132053,2
SE673523-134952,4
SE673534-153381,25
SE673573-153892,4
SE673619-140321,4
SE673649-153405,2
SE673682-144192,4
SE673684-149060,4
SE673759-149039,3
SE673806-153475,4
SE673813-153174,4
SE673826-134661,4
SE673835-156708,4
SE673864-156828,4
SE673872-156791,4
SE673889-147175,3
SE673900-156722,4
SE673909-132539,2
SE673916-136844,4
SE674030-157608,4
SE674120-148765,4
SE674135-133156,2
SE674157-137429,4
SE674175-132106,2
SE674194-133845,4
SE674289-142673,3
SE674350-139682,3
SE674540-151538,4
SE674545-157551,2
SE674600-153877,4
SE674624-146104,4
SE674643-133493,4
SE674643-152658,3
SE674668-373755,2
SE674742-132768,4
SE674794-148550,4
SE674799-133203,2
SE674821-136834,4
SE674827-139148,2
SE674876-134297,3
SE674992-143078,4
SE675024-136064,3
SE675057-143325,2
SE675265-142983,4
SE675304-151174,3
SE675408-146390,2
SE675465-150573,4
SE675539-149833,4
SE675545-133318,2
SE675568-156418,2
SE675619-156678,4
SE675647-146009,4
SE675677-153723,4
SE675876-149975,4
SE675913-138636,2
SE675923-131931,14
SE676012-136117,4
SE676123-149994,4
SE676158-134299,3
SE676171-131128,2
SE676199-135647,4
SE676247-151421,3
SE676248-140109,4
SE676265-143856,4
SE676268-149410,4
SE676373-154193,4
SE676445-153291,2
SE676458-138597,4
SE676474-139062,4
SE676657-133076,2
SE676673-142378,4
SE676678-147624,4
SE676776-154105,4
SE676889-155136,3
SE676938-143469,4
SE677023-145872,3
SE677065-156895,4
SE677106-154245,4
SE677107-133933,3
SE677157-142198,2
SE677199-156457,4
SE677200-137506,3
SE677412-155489,4
SE677462-154500,4
SE677506-156174,28
SE677563-134229,4
SE677566-135013,3
SE677574-133607,3
SE677601-154611,4
SE677715-157084,4
SE677733-143932,4
SE677790-156748,4
SE677791-150820,4
SE677830-154241,2
SE677847-157246,2
SE677891-156517,2
SE677902-155501,4
SE677946-151749,4
SE677977-151128,3
SE677987-148786,4
SE678101-139286,4
SE678176-137970,2
SE678180-145408,4
SE678227-153844,4
SE678310-140188,2
SE678319-151571,4
SE678373-150411,4
SE678408-151358,3
SE678460-142974,2
SE678507-153436,2
SE678512-156883,4
SE678860-144068,2
SE679032-137415,2
SE679069-151947,4
SE679132-143479,4
SE679194-143799,2
SE679248-149433,2
SE679283-149349,3
SE679402-142094,4
SE679413-155519,3
SE679609-137264,2
SE679745-140144,2
SE679755-155350,3
SE679792-135143,2
SE679803-155831,4
SE679812-156538,4
SE679885-153715,3
SE679981-156362,4
SE680179-156756,2
SE680232-156537,4
SE680235-141799,30
SE680267-135829,3
SE680284-138206,3
SE680477-141389,3
SE680514-155788,4
SE680532-154508,3
SE680585-156005,2
SE680709-141994,3
SE680751-143560,2
SE680832-155466,2
SE680926-153196,3
SE680970-141452,4
SE681111-155973,4
SE681171-155062,4
SE681190-135213,2
SE681316-154873,4
SE681316-156822,2
SE681395-154978,4
SE681396-140150,4
SE681419-155269,4
SE681552-155449,4
SE681578-156586,2
SE681647-156957,4
SE681700-142327,4
SE681768-135300,2
SE681803-154758,3
SE681830-141057,4
SE681879-155233,6
SE681897-154595,4
SE681936-134125,4
SE681973-140814,4
SE682016-144548,2
SE682027-143508,4
SE682070-151430,2
SE682084-143444,4
SE682176-153952,4
SE682240-153371,2
SE682244-144577,4
SE682252-155269,3
SE682264-144796,2
SE682338-155438,4
SE682466-135550,3
SE682490-155766,4
SE682527-153073,3
SE682618-150475,4
SE682699-144478,2
SE682917-143972,4
SE682933-153183,3
SE682937-148939,4
SE683036-155556,3
SE683060-134500,4
SE683071-153434,2
SE683121-134336,4
SE683123-140213,4
SE683164-156181,2
SE683278-138787,4
SE683282-141489,4
SE683331-143310,2
SE683337-133785,21
SE683355-155422,4
SE683360-155697,4
SE683369-155445,4
SE683421-133742,21
SE683537-155138,4
SE683541-155565,2
SE683626-155819,2
SE683673-154083,31
SE683763-144490,4
SE683834-133404,3
SE683848-133087,4
SE683889-158554,2
SE683891-141761,4
SE683973-141263,4
SE684023-131877,3
SE684039-134130,4
SE684051-157418,2
SE684122-155396,2
SE684327-158518,4
SE684358-132168,3
SE684384-133945,4
SE684396-156754,2
SE684421-156800,4
SE684465-131810,3
SE684649-153484,4
SE684685-155493,4
SE684836-139899,4
SE684894-157398,4
SE685209-138946,4
SE685225-157216,2
SE685311-149201,4
SE685378-139231,4
SE685441-153545,2
SE685452-149999,2
SE685622-140163,2
SE685635-131076,3
SE685635-146536,2
SE685674-138417,4
SE685697-138011,4
SE685741-157279,2
SE685748-139709,4
SE685766-153123,2
SE685812-155645,4
SE685854-153310,4
SE685947-138831,4
SE686125-134315,3
SE686193-152824,2
SE686221-155981,4
SE686252-158010,2
SE686287-153693,2
SE686364-137688,4
SE686383-149132,2
SE686445-152409,4
SE686742-155222,2
SE686754-153433,2
SE686808-149317,4
SE686813-134992,4
SE686815-147075,4
SE686849-145214,25
SE686926-132169,2
SE686948-131733,3
SE686968-137954,4
SE687003-153734,2
SE687065-153820,3
SE687076-148557,2
SE687127-134217,2
SE687134-136847,2
SE687136-152253,2
SE687239-152655,2
SE687317-152189,3
SE687569-133946,3
SE687663-152476,2
SE687687-152621,2
SE687714-133802,2
SE687903-137775,4
SE687962-150570,4
SE688035-137041,4
SE688050-137907,4
SE688125-158312,4
SE688271-138240,4
SE688334-148201,4
SE688542-145289,4
SE688619-158444,4
SE688756-150833,2
SE688792-157914,4
SE688940-136343,4
SE689407-136355,4
SE689449-156940,4
SE689515-144293,4
SE689577-143831,4
SE689590-133081,4
SE689676-143202,4
SE689776-133073,4
SE689815-150792,4
SE689852-152451,2
SE689903-132730,4
SE690107-132320,6
SE690119-148450,2
SE690185-150391,4
SE690215-138462,2
SE690220-137113,2
SE690345-149315,25
SE690617-134197,31
SE690628-132515,3
SE690654-158163,4
SE690661-147797,3
SE690747-155845,4
SE690761-135188,2
SE690766-148298,2
SE690773-143330,4
SE691018-157875,4
SE691056-143498,4
SE691365-156127,31
SE691659-137415,4
SE691693-137715,4
SE691774-142441,4
SE691794-147953,4
SE691825-148565,2
SE691835-143026,4
SE692009-143156,2
SE692068-138306,4
SE692141-137626,4
SE692385-156786,2
SE692529-141407,4
SE692738-153336,4
SE692774-145681,2
SE692863-141998,2
SE692866-154650,10
SE692878-156972,2
SE693023-138213,2
SE693125-140148,4
SE693200-145771,2
SE693342-140856,4
SE693455-155462,4
SE693626-155998,2
SE693766-141283,4
SE693790-146209,4
SE693797-159720,11
SE693842-154277,2
SE693857-149428,2
SE693983-139954,2
SE693986-160466,2
SE694004-157853,4
SE694014-158096,4
SE694046-156231,4
SE694111-155328,4
SE694112-156663,4
SE694130-158817,4
SE694143-147324,4
SE694291-154626,27
SE694359-156667,4
SE694384-138571,4
SE694385-154692,4
SE694483-157679,4
SE694564-137269,4
SE694585-157998,4
SE694633-159803,2
SE694939-144561,4
SE694970-140587,4
SE694974-140899,4
SE694979-157009,4
SE695040-145001,2
SE695068-154971,3
SE695220-143383,31
SE695340-157695,4
SE695349-139107,4
SE695416-160160,4
SE695547-156640,4
SE695572-148125,2
SE695618-160634,2
SE695713-157380,1
SE695759-156888,4
SE695907-158705,4
SE695908-156219,4
SE695998-156845,4
SE696038-142985,2
SE696085-158273,4
SE696212-133571,3
SE696234-136986,4
SE696245-147346,4
SE696402-136767,2
SE696420-160806,2
SE696599-154253,4
SE696662-138040,4
SE696715-153927,4
SE697001-139169,4
SE697020-142455,4
SE697067-159376,4
SE697141-141017,4
SE697231-157849,4
SE697293-159375,4
SE697420-141974,4
SE697633-158415,3
SE697717-139085,4
SE697853-156942,3
SE697884-143493,4
SE697956-141525,4
SE698027-141916,4
SE698145-159830,2
SE698226-159287,4
SE698352-134720,3
SE698561-139682,23
SE698606-156129,4
SE698650-134991,3
SE698735-139620,25
SE698819-133700,3
SE698918-158665,31
SE698990-137182,3
SE699045-155925,4
SE699246-155171,2
SE699389-161675,4
SE699392-139462,4
SE699589-134170,3
SE699664-154125,2
SE699668-162805,4
SE699687-133956,3
SE699798-154619,2
SE699877-162593,4
SE699883-160294,2
SE699905-160653,4
SE699929-137815,3
SE699985-157593,4
SE699993-139396,4
SE700006-162943,4
SE700012-140354,4
SE700029-163440,4
SE700107-162695,3
SE700113-140449,4
SE700554-136828,3
SE700699-160705,4
SE700913-158095,4
SE700961-145577,4
SE700989-140693,4
SE701084-145619,2
SE701097-158986,4
SE701102-144305,2
SE701218-144136,4
SE701271-153786,4
SE701334-144106,4
SE701459-162839,4
SE701464-163536,4
SE701707-139605,4
SE701900-161944,4
SE701981-140392,4
SE702144-135687,3
SE702172-143255,1
SE702179-158665,4
SE702228-158302,4
SE702366-160179,4
SE702420-165460,4
SE702518-164947,2
SE702629-158342,3
SE702949-139231,4
SE702967-158056,4
SE702995-158946,3
SE703037-161089,2
SE703089-166546,2
SE703130-158915,4
SE703297-166388,4
SE703315-160922,4
SE703325-163224,2
SE703380-156152,4
SE703605-164749,2
SE703658-163516,4
SE703665-153560,4
SE703715-159686,2
SE703797-162923,2
SE703831-166712,4
SE703846-158935,3
SE703887-152394,3
SE704082-148125,25
SE704697-167025,4
SE704792-167352,4
SE704955-159090,31
SE704983-167099,2
SE705032-167633,4
SE705097-166070,4
SE705101-162503,4
SE705121-166435,4
SE705471-167698,4
SE705531-166680,4
SE705733-158330,2
SE705784-163913,4
SE705844-168354,4
SE705844-168540,4
SE705944-152099,4
SE705968-168204,4
SE706041-157858,10
SE706083-132287,31
SE706176-733260,4
SE706209-167001,4
SE706281-167258,4
SE706290-161833,4
SE706351-166606,4
SE706440-154345,2
SE706596-159778,2
SE706672-167201,31
SE706714-166899,4
SE706837-167066,4
SE706897-168718,4
SE706906-160898,4
SE707001-162237,2
SE707013-168304,4
SE707027-154763,9
SE707031-165920,4
SE707055-167290,3
SE707085-167151,3
SE707099-167251,3
SE707116-166548,4
SE707127-162316,2
SE707157-168741,4
SE707178-160916,4
SE707204-161537,4
SE707262-169987,4
SE707303-167112,3
SE707384-169697,4
SE707389-167230,14
SE707521-169817,4
SE707533-165907,4
SE707669-170020,27
SE707940-171693,11
SE708053-165382,4
SE708093-157626,3
SE708150-136804,2
SE708151-170797,8
SE708156-158894,3
SE708194-168841,3
SE708200-168907,4
SE708231-164032,4
SE708265-166557,4
SE708324-168709,3
SE708329-164372,4
SE708384-145451,4
SE708391-164935,3
SE708443-164874,4
SE708469-168092,4
SE708497-166373,4
SE708512-152086,31
SE708518-167475,4
SE708571-164169,4
SE708578-168244,4
SE708608-168268,3
SE708616-154716,4
SE708619-162132,30
SE708621-160456,4
SE708679-164162,4
SE708692-154460,3
SE708712-163626,3
SE708789-164987,4
SE708824-166421,3
SE708828-170534,8
SE708873-165460,3
SE708900-164695,4
SE708905-170346,11
SE708907-167263,4
SE708938-165378,4
SE708945-164138,4
SE708957-167219,3
SE708974-168087,4
SE708983-164744,4
SE709020-164280,3
SE709035-165331,4
SE709047-164696,3
SE709103-172517,4
SE709104-165441,3
SE709115-163680,3
SE709189-165804,3
SE709218-169710,31
SE709230-164262,4
SE709434-138937,3
SE709557-170877,4
SE709570-167474,4
SE709586-167698,4
SE709606-164587,2
SE709639-164787,4
SE709670-170623,2
SE709681-138996,1
SE709730-170528,4
SE709735-170620,8
SE709758-167299,3
SE709823-167712,4
SE709929-165949,3
SE709930-166134,3
SE709938-166268,4
SE709961-136522,3
SE709970-165987,4
SE709987-166055,3
SE710004-172451,3
SE710038-173438,4
SE710049-164151,3
SE710077-166130,4
SE710133-166055,3
SE710145-164107,4
SE710145-167078,4
SE710153-165979,4
SE710168-135929,2
SE710168-173165,4
SE710180-164899,4
SE710194-164428,4
SE710240-166313,4
SE710279-140490,3
SE710279-167016,3
SE710286-170468,3
SE710318-165419,4
SE710331-164152,3
SE710345-138917,3
SE710391-155445,4
SE710394-165835,4
SE710479-164076,4
SE710502-172948,3
SE710512-171642,4
SE710514-137473,2
SE710716-164384,4
SE710752-163961,3
SE710798-165327,3
SE710924-164360,4
SE710995-172915,4
SE711293-163997,4
SE711365-171748,31
SE711600-172343,4
SE711715-172370,4
SE711821-159338,2
SE711824-171888,4
SE711845-163398,3
SE711858-171900,4
SE711891-170953,4
SE711896-163454,4
SE711937-171691,2
SE711943-159242,3
SE711992-163463,2
SE711996-171864,4
SE712060-163420,3
SE712063-162963,4
SE712064-163280,4
SE712136-163099,4
SE712141-159164,3
SE712181-159113,2
SE712246-170866,25
SE712445-172344,4
SE712464-174705,4
SE712500-171798,4
SE712593-171503,3
SE712917-171241,4
SE713086-171962,4
SE713088-153685,8
SE713122-153438,4
SE713131-144608,25
SE713170-171290,4
SE713219-172173,4
SE713536-170916,4
SE713577-171514,3
SE713609-173544,2
SE713618-171226,4
SE713710-174015,4
SE713732-171552,4
SE713740-153304,4
SE713796-153978,4
SE713915-171146,4
SE713996-171398,4
SE714078-173836,3
SE714166-151963,4
SE714166-152823,4
SE714332-175038,3
SE714443-151928,4
SE714478-172293,3
SE714532-168570,4
SE714549-174531,3
SE714701-172111,4
SE714712-168614,2
SE714724-172254,3
SE714802-170892,4
SE714959-171709,4
SE715366-164397,4
SE715392-175825,3
SE715498-171424,4
SE715627-171605,4
SE715787-171651,4
SE715804-172509,3
SE715838-175558,3
SE715939-144535,3
SE715979-171065,3
SE716011-170342,3
SE716064-171647,4
SE716262-176362,3
SE716521-174848,8
SE716544-175899,3
SE716565-170970,2
SE716717-158596,31
SE716751-175304,6
SE716876-144120,3
SE716890-170944,2
SE717193-175287,3
SE717642-154785,2
SE717779-172319,3
SE718150-168580,25
SE718190-165882,4
SE718235-175826,3
SE718255-172950,3
SE718284-148654,24
SE718318-171777,4
SE718793-166841,2
SE718803-171318,4
SE718872-159653,2
SE719021-165441,4
SE719141-155021,4
SE719338-166972,4
SE719460-164056,4
SE720015-149848,4
SE720140-162668,2
SE720151-173812,4
SE720179-171558,3
SE720498-148900,3
SE720524-148941,3
SE720554-158077,4
SE720606-170864,3
SE720649-173565,4
SE720728-148966,4
SE720742-172498,4
SE720854-149018,4
SE720863-149396,3
SE720984-173258,4
SE721051-149504,4
SE721077-172808,4
SE721089-172260,4
SE721224-172466,4
SE721404-174495,2
SE721472-171995,4
SE721500-171408,4
SE721578-158534,2
SE721610-173758,4
SE721619-158543,3
SE721733-156716,9
SE721811-171800,21
SE721826-174131,4
SE721930-175275,4
SE722005-169697,3
SE722064-157001,3
SE722141-158181,2
SE722188-156091,9
SE722291-158486,2
SE722302-161157,2
SE722382-174108,4
SE722407-771610,4
SE722583-155287,4
SE722675-173052,4
SE722781-161306,2
SE722828-175735,4
SE722899-157298,2
SE723023-173568,4
SE723058-173218,4
SE723190-174601,3
SE723329-161534,4
SE723383-175441,22
SE723572-153480,2
SE723572-174387,4
SE723591-161219,4
SE723671-175149,4
SE724122-173305,4
SE724171-151176,4
SE724861-170630,2
SE725001-170500,4
SE725094-154274,2
SE725117-152527,2
SE725447-159682,2
SE725529-153207,4
SE725842-151280,2
SE725896-144391,4
SE726212-152058,4
SE726381-152328,21
SE726436-167782,2
SE727316-150911,3
SE727328-158350,3
SE727406-146532,3
SE727407-158111,3
SE727831-165123,4
SE728095-175926,26
SE728271-157578,25
SE728511-174192,2
SE728744-162653,31
SE728806-179329,29
SE729159-179002,12
SE729356-146651,3
SE729697-156519,2
SE730091-165102,24
SE731106-173406,2
SE731196-170873,2
SE731230-167872,2
SE731252-168380,2
SE731490-166431,2
SE731529-176967,3
SE731545-176897,3
SE731707-176853,3
SE731799-151196,25
SE732002-167678,2
SE732249-164354,2
SE732288-166282,2
SE732401-166376,2
SE732921-168705,2
SE733037-159366,9
SE733110-182955,25
SE733676-168625,2
SE736804-160569,25
SE737363-183086,20
SE737666-158035,4
SE737998-174134,4
SE739785-178268,2
SE740512-184453,2
SE740593-179204,2
SE740955-184444,2
SE741609-180170,2
SE741654-169042,4
SE742134-179805,2
SE742442-153530,25
SE742541-180291,4
SE742829-183168,31
SE743045-179220,2
SE744278-176630,2
SE744629-167999,31
SE744973-172511,2
SE745055-176583,2
SE745370-172404,6
SE745978-171574,4
SE746345-170814,3
SE746557-170948,3
SE746669-171059,2
SE747172-174841,4
SE747595-173836,2
SE748418-176444,2
SE749406-183566,4
SE749578-182668,2
SE749639-182451,3
SE749710-181663,4
SE749907-168109,4
SE750182-182541,2
SE750240-181741,2
SE751252-175433,25
SE751576-170276,4
SE751713-172755,6
SE751837-172085,2
SE751948-171660,3
SE752213-172678,2
SE752558-168274,3
SE752874-168397,6
SE753312-168796,4
SE753388-168678,4
SE753485-169066,4
SE753526-169613,4
SE753539-168542,3
SE753561-165305,4
SE753634-169257,4
SE754016-181191,4
SE754362-176732,4
SE754460-168226,4
SE754866-168671,4
SE755505-182645,2
SE757277-167340,9
SE758208-161749,29
SE758677-161050,21
SE761163-172874,4
SENO654839-126345,4
SENO662183-127764,4
SENO663199-128194,4
SENO665263-130646,2
SENO677245-131079,4
